{
  "test/integration/pages/RisksList-dbg.js": 1704964894725,
  "test/integration/opaTests.qunit.js": 1704964894693,
  "test/integration/pages/RisksList.js": 1704964894725,
  "test/integration/pages/RisksObjectPage.js": 1704964894725,
  "test/integration/FirstJourney.js": 1704964894813,
  "test/testsuite.qunit.js": 1704964894653,
  "xs-app.json": 1704971469091,
  "manifest.json": 1704971469095,
  "Component.js": 1704964894557,
  "test/integration/FirstJourney-dbg.js": 1704964894813,
  "test/integration/FirstJourney.js.map": 1704971479900,
  "i18n/i18n.properties": 1704964962868,
  "test/integration/pages/RisksList.js.map": 1704971479917,
  "test/integration/pages/RisksObjectPage-dbg.js": 1704964894725,
  "test/integration/pages/RisksObjectPage.js.map": 1704971479887,
  "test/integration/opaTests.qunit-dbg.js": 1704964894693,
  "test/integration/opaTests.qunit.js.map": 1704971479904,
  "test/testsuite.qunit-dbg.js": 1704964894653,
  "test/testsuite.qunit.js.map": 1704971479900,
  "Component-dbg.js": 1704964894557,
  "Component.js.map": 1704971479904,
  "Component-preload.js": 1704971480120,
  "Component-preload.js.map": 1704971480120,
  "test/integration/opaTests.qunit.html": 1704964894693,
  "test/testsuite.qunit.html": 1704964894653,
  "test/flpSandbox.html": 1704964894653,
  "localService/metadata.xml": 1704964894633,
  "index.html": 1704964894593
}